fireevent:newcard,activate_card_0a_new
fireevent:inactivecard,activate_card_1_inactive
fireevent:activateabroad,activate_card_2_abroad_activate
fireevent:useabroad,activate_card_2_abroad_use
fireevent:activatebelgium,activate_card_3_first_card_know_pin
fireevent:pinbysms,activate_card_3_first_card_retrieve_pin
fireevent:useabroad,activate_card_4_abroad_activate
sendsmstoken,authentication_0_birthdate
resetsmscontexts,authentication_0_birthdate_not_ING_client
resetsmscontexts,authentication_0_birthdate_refusal
resetsmscontexts,authentication_0_stop
resetsmscontexts,authentication_1_sms_token_not_ING_client
resetsmscontexts,authentication_1_sms_token_not_received
resetsmscontexts,authentication_1_sms_token_refusal
resetsmscontexts,authentication_1_sms_token_resend
resetsmscontexts,authentication_1_sms_token_typo
resetsmscontexts,authentication_1_stop
verifysmstoken,authentication_2_sms_token
activecardlist,cards_overview_0
showicccontactdetails,cards_overview_1_not_present
showicccontactdetails,card_delivery_1_no
recentlysentcardlist,card_delivery_1_yes - fallback
recentlysentcardlist,card_delivery_1_yes
carddeliverydetails,card_delivery_2_card_selected
showicccontactdetails,card_delivery_2_other
sendcardtobranch,card_delivery_5_branch_Timing_indication
showicccontactdetails,card_delivery_5_icc
showicccontactdetails,card_stop_1_misuse_maybe
fireevent:ordercontactlesscard,contactless_1_yes
defaultfallbackintent,Default_Fallback_Intent
showicccontactdetails,get_card_limit_0
showicccontactdetails,inactive_card_0
fireevent:useabroadnoneurope,info_charges_abroad_3_non_eurozone_activate
showicccontactdetails,modify_limit_0
fireevent:unblockcard,new_pin_1_blocked
fireevent:pinbysms,new_pin_1_SMS
fireevent:orderreplacementcard,order_card_0a_broken_wornout_old
fireevent:ordercardexpiring,order_card_0b_expiring_soon
fireevent:ordercontactlesscard,order_card_0c_contactless
fireevent:orderextracard,order_card_0d_extra
fireevent:orderreplacementcard,order_card_0e_replacement
showicccontactdetails,order_card_2_card_not_present
showicccontactdetails,order_card_2_extra
activecardlist,order_card_3_broken_wornout_old
activecardlist,order_card_3_contactless
activecardlist,order_card_3_expiring_soon
showicccontactdetails,order_card_3_send_unknown_address
ordercard,order_card_3_send_yes
showicccontactdetails,order_card_4_confirm_no
ordercard,order_card_4_confirm_yes
showicccontactdetails,order_card_5_ry_final_confirmation_no
resetpincodeattempts,order_card_ry_5_final_confirmation_yes
fireevent:postorbranch,pin_by_sms_0a_post_or_branch
fireevent:moreinfopin,pin_by_sms_0b_more_info
fireevent:smserased,pin_by_sms_0c_sms_erased
showicccontactdetails,suspicious_tx_0
fireevent:unblockcardrememberno,unblock_card_0_remember_no
activecardlist,unblock_card_rn_2_send_pin_yes - fallback
activecardlist,unblock_card_rn_2_send_pin_yes
showicccontactdetails,unblock_card_rn_4_unknown_address
showicccontactdetails,unblock_card_rn_5_confirm_no
sendpincodetolegaladdress,unblock_card_rn_5_confirm_yes
activecardlist,unblock_card_ry_3_reset_attempts_yes - fallback
activecardlist,unblock_card_ry_3_reset_attempts_yes
showicccontactdetails,unblock_card_ry_5_confirm_no
resetpincodeattempts,unblock_card_ry_5_confirm_yes
fireevent:useabroadcredit,use_abroad_0a_credit
fireevent:useabroaddebit,use_abroad_0b_debit
fireevent:useabroadeurope,use_abroad_0c_debit_europe
fireevent:useabroadnoneurope,use_abroad_0d_debit_non_europe
fireevent:useabroadcredit,use_abroad_1f_credit
fireevent:useabroadnoneurope,use_abroad_1f_debit
activedebitcardlist,use_abroad_3_activate_yes
activatecardabroad,use_abroad_5_confirm_yes
Do,_Generic_Dating
fireevent:nps_score,_Generic_End_Of_Conversation_Confirmed
endofconversationconfirmed,_Generic_End_Of_Conversation_Inactivity
humantakeoverrequest,_Generic_Human_Takeover
humantakeoverrequest,_Generic_I_dont_like_you_with_handover
showicccontactdetails,_Generic_Privacy
resetsmscontexts,_Generic_Restart
humantakeoverrequest,_Generic_SomethingWrong
humantakeoverrequest,_get_started_cards_or_not_1_no
setuserlanguage,_language_selection_1_selected
setuserlanguage,_language_selection_anytime_selected
_NPS_score_0._NPS_score_0-fallback,_NPS_score_0 - fallback
endofconversationconfirmed,_NPS_score_0
endofconversationconfirmed,_NPS_score_1
_NPS_score_2._NPS_score_2-fallback,_NPS_score_2 - fallback
endofconversationconfirmed,_NPS_score_2
endofconversationconfirmed,_NPS_score_3
_start_cards_or_not._start_cards_or_not-fallback,_start_cards_or_not - fallback
